Customer ID,Average Basket Value,Basket Value Category,Average Items per Transaction,Item Count Category
1,84.17,Moderate Basket Buyer,3.58,Mixed Buyer
2,97.86,Moderate Basket Buyer,3.64,Mixed Buyer
3,81.5,Moderate Basket Buyer,3.3,Mixed Buyer
4,77.5,Low Basket Buyer,3.0,Mixed Buyer
5,84.44,Moderate Basket Buyer,3.11,Mixed Buyer
6,64.09,Low Basket Buyer,2.91,Mixed Buyer
7,74.44,Low Basket Buyer,3.11,Mixed Buyer
8,87.78,Moderate Basket Buyer,3.33,Mixed Buyer
9,80.0,Low Basket Buyer,3.38,Mixed Buyer
10,85.0,Moderate Basket Buyer,3.57,Mixed Buyer
11,104.17,High Basket Buyer,4.08,Mixed Buyer
12,66.88,Low Basket Buyer,2.88,Mixed Buyer
13,88.33,Moderate Basket Buyer,3.44,Mixed Buyer
14,92.27,Moderate Basket Buyer,3.82,Mixed Buyer
15,96.11,Moderate Basket Buyer,3.89,Mixed Buyer
16,73.33,Low Basket Buyer,3.13,Mixed Buyer
17,91.25,Moderate Basket Buyer,3.83,Mixed Buyer
18,65.0,Low Basket Buyer,3.2,Mixed Buyer
19,90.56,Moderate Basket Buyer,4.0,Mixed Buyer
20,86.67,Moderate Basket Buyer,3.42,Mixed Buyer
21,82.22,Moderate Basket Buyer,3.56,Mixed Buyer
22,99.23,Moderate Basket Buyer,4.0,Mixed Buyer
23,83.57,Moderate Basket Buyer,3.14,Mixed Buyer
24,99.62,Moderate Basket Buyer,4.0,Mixed Buyer
25,87.78,Moderate Basket Buyer,3.56,Mixed Buyer
26,74.29,Low Basket Buyer,3.0,Mixed Buyer
27,80.0,Low Basket Buyer,3.5,Mixed Buyer
28,78.75,Low Basket Buyer,3.38,Mixed Buyer
29,84.17,Moderate Basket Buyer,3.33,Mixed Buyer
30,84.44,Moderate Basket Buyer,3.78,Mixed Buyer
31,74.0,Low Basket Buyer,3.0,Mixed Buyer
32,84.5,Moderate Basket Buyer,3.2,Mixed Buyer
33,81.0,Moderate Basket Buyer,3.3,Mixed Buyer
34,77.08,Low Basket Buyer,3.33,Mixed Buyer
35,83.5,Moderate Basket Buyer,3.3,Mixed Buyer
36,85.33,Moderate Basket Buyer,3.67,Mixed Buyer
37,79.44,Low Basket Buyer,3.44,Mixed Buyer
38,85.0,Moderate Basket Buyer,3.62,Mixed Buyer
39,71.88,Low Basket Buyer,2.88,Mixed Buyer
40,91.67,Moderate Basket Buyer,3.67,Mixed Buyer
41,95.0,Moderate Basket Buyer,3.67,Mixed Buyer
42,80.0,Low Basket Buyer,3.4,Mixed Buyer
43,86.67,Moderate Basket Buyer,3.56,Mixed Buyer
44,90.0,Moderate Basket Buyer,3.82,Mixed Buyer
45,84.17,Moderate Basket Buyer,3.17,Mixed Buyer
46,83.0,Moderate Basket Buyer,3.2,Mixed Buyer
47,72.08,Low Basket Buyer,3.33,Mixed Buyer
48,75.77,Low Basket Buyer,3.23,Mixed Buyer
49,84.09,Moderate Basket Buyer,3.55,Mixed Buyer
50,96.0,Moderate Basket Buyer,4.1,Mixed Buyer
51,99.17,Moderate Basket Buyer,4.0,Mixed Buyer
52,79.0,Low Basket Buyer,3.5,Mixed Buyer
53,75.56,Low Basket Buyer,3.22,Mixed Buyer
54,88.85,Moderate Basket Buyer,3.69,Mixed Buyer
55,71.67,Low Basket Buyer,3.0,Mixed Buyer
56,89.69,Moderate Basket Buyer,3.69,Mixed Buyer
57,75.36,Low Basket Buyer,3.36,Mixed Buyer
58,92.78,Moderate Basket Buyer,3.89,Mixed Buyer
59,78.75,Low Basket Buyer,3.08,Mixed Buyer
60,96.88,Moderate Basket Buyer,4.0,Mixed Buyer
61,81.36,Moderate Basket Buyer,3.55,Mixed Buyer
62,90.0,Moderate Basket Buyer,3.78,Mixed Buyer
63,90.0,Moderate Basket Buyer,3.82,Mixed Buyer
64,93.18,Moderate Basket Buyer,3.91,Mixed Buyer
65,79.58,Low Basket Buyer,3.33,Mixed Buyer
66,88.64,Moderate Basket Buyer,3.73,Mixed Buyer
67,85.0,Moderate Basket Buyer,3.54,Mixed Buyer
68,102.14,High Basket Buyer,4.14,Mixed Buyer
69,78.75,Low Basket Buyer,3.38,Mixed Buyer
70,95.83,Moderate Basket Buyer,3.83,Mixed Buyer
71,76.07,Low Basket Buyer,3.29,Mixed Buyer
72,80.0,Low Basket Buyer,3.57,Mixed Buyer
73,91.94,Moderate Basket Buyer,3.67,Mixed Buyer
74,79.23,Low Basket Buyer,3.38,Mixed Buyer
75,92.19,Moderate Basket Buyer,3.81,Mixed Buyer
76,80.62,Low Basket Buyer,3.12,Mixed Buyer
77,100.62,High Basket Buyer,4.12,Mixed Buyer
78,66.67,Low Basket Buyer,3.17,Mixed Buyer
79,73.21,Low Basket Buyer,3.14,Mixed Buyer
80,87.78,Moderate Basket Buyer,3.56,Mixed Buyer
81,67.0,Low Basket Buyer,2.8,Mixed Buyer
82,71.36,Low Basket Buyer,3.27,Mixed Buyer
83,71.88,Low Basket Buyer,3.25,Mixed Buyer
84,102.86,High Basket Buyer,4.0,Mixed Buyer
85,95.56,Moderate Basket Buyer,3.56,Mixed Buyer
86,107.5,High Basket Buyer,4.0,Mixed Buyer
87,81.67,Moderate Basket Buyer,3.56,Mixed Buyer
88,59.0,Low Basket Buyer,2.6,Mixed Buyer
89,69.29,Low Basket Buyer,3.0,Mixed Buyer
90,89.38,Moderate Basket Buyer,3.75,Mixed Buyer
91,75.0,Low Basket Buyer,3.17,Mixed Buyer
92,74.38,Low Basket Buyer,3.12,Mixed Buyer
93,88.33,Moderate Basket Buyer,3.67,Mixed Buyer
94,116.11,High Basket Buyer,4.0,Mixed Buyer
95,87.73,Moderate Basket Buyer,3.64,Mixed Buyer
96,89.64,Moderate Basket Buyer,3.64,Mixed Buyer
97,103.33,High Basket Buyer,3.89,Mixed Buyer
98,87.22,Moderate Basket Buyer,3.78,Mixed Buyer
99,85.5,Moderate Basket Buyer,3.4,Mixed Buyer
100,84.0,Moderate Basket Buyer,3.2,Mixed Buyer
101,89.44,Moderate Basket Buyer,3.78,Mixed Buyer
102,93.12,Moderate Basket Buyer,3.62,Mixed Buyer
103,90.0,Moderate Basket Buyer,4.1,Mixed Buyer
104,79.09,Low Basket Buyer,3.09,Mixed Buyer
105,81.11,Moderate Basket Buyer,3.44,Mixed Buyer
106,112.5,High Basket Buyer,4.33,Mixed Buyer
107,76.11,Low Basket Buyer,3.22,Mixed Buyer
108,105.0,High Basket Buyer,4.0,Mixed Buyer
109,80.0,Low Basket Buyer,3.43,Mixed Buyer
110,93.75,Moderate Basket Buyer,3.62,Mixed Buyer
111,78.33,Low Basket Buyer,3.56,Mixed Buyer
112,83.12,Moderate Basket Buyer,3.5,Mixed Buyer
113,101.33,High Basket Buyer,3.87,Mixed Buyer
114,88.75,Moderate Basket Buyer,3.5,Mixed Buyer
115,87.0,Moderate Basket Buyer,3.8,Mixed Buyer
116,88.64,Moderate Basket Buyer,3.55,Mixed Buyer
117,86.67,Moderate Basket Buyer,3.33,Mixed Buyer
118,85.5,Moderate Basket Buyer,3.5,Mixed Buyer
119,79.55,Low Basket Buyer,3.27,Mixed Buyer
120,92.86,Moderate Basket Buyer,4.0,Mixed Buyer
121,83.75,Moderate Basket Buyer,3.42,Mixed Buyer
122,121.0,High Basket Buyer,4.4,Mixed Buyer
123,55.0,Low Basket Buyer,2.5,Mixed Buyer
124,96.43,Moderate Basket Buyer,3.71,Mixed Buyer
125,88.57,Moderate Basket Buyer,3.71,Mixed Buyer
126,87.14,Moderate Basket Buyer,3.57,Mixed Buyer
127,77.0,Low Basket Buyer,3.4,Mixed Buyer
128,85.0,Moderate Basket Buyer,3.67,Mixed Buyer
129,76.36,Low Basket Buyer,3.36,Mixed Buyer
130,80.62,Low Basket Buyer,3.38,Mixed Buyer
131,92.22,Moderate Basket Buyer,3.89,Mixed Buyer
132,86.5,Moderate Basket Buyer,3.4,Mixed Buyer
133,90.56,Moderate Basket Buyer,3.56,Mixed Buyer
134,99.06,Moderate Basket Buyer,3.88,Mixed Buyer
135,92.5,Moderate Basket Buyer,3.5,Mixed Buyer
136,120.0,High Basket Buyer,4.5,Mixed Buyer
137,81.0,Moderate Basket Buyer,3.5,Mixed Buyer
138,83.89,Moderate Basket Buyer,3.11,Mixed Buyer
139,82.78,Moderate Basket Buyer,3.33,Mixed Buyer
140,81.25,Moderate Basket Buyer,3.42,Mixed Buyer
141,97.78,Moderate Basket Buyer,3.89,Mixed Buyer
142,74.38,Low Basket Buyer,3.12,Mixed Buyer
143,91.67,Moderate Basket Buyer,3.67,Mixed Buyer
144,112.0,High Basket Buyer,4.2,Mixed Buyer
145,92.33,Moderate Basket Buyer,3.6,Mixed Buyer
146,90.0,Moderate Basket Buyer,3.77,Mixed Buyer
147,77.08,Low Basket Buyer,3.25,Mixed Buyer
148,71.07,Low Basket Buyer,3.14,Mixed Buyer
149,100.56,High Basket Buyer,4.11,Mixed Buyer
150,95.0,Moderate Basket Buyer,3.75,Mixed Buyer
151,84.33,Moderate Basket Buyer,3.67,Mixed Buyer
152,85.91,Moderate Basket Buyer,3.64,Mixed Buyer
153,97.0,Moderate Basket Buyer,3.8,Mixed Buyer
154,94.0,Moderate Basket Buyer,3.8,Mixed Buyer
155,93.33,Moderate Basket Buyer,4.0,Mixed Buyer
156,90.71,Moderate Basket Buyer,3.71,Mixed Buyer
157,91.88,Moderate Basket Buyer,3.38,Mixed Buyer
158,84.17,Moderate Basket Buyer,3.5,Mixed Buyer
159,103.12,High Basket Buyer,4.12,Mixed Buyer
160,81.88,Moderate Basket Buyer,3.12,Mixed Buyer
161,80.48,Low Basket Buyer,3.29,Mixed Buyer
162,84.29,Moderate Basket Buyer,3.29,Mixed Buyer
163,85.0,Moderate Basket Buyer,3.67,Mixed Buyer
164,81.0,Moderate Basket Buyer,3.4,Mixed Buyer
165,82.22,Moderate Basket Buyer,3.11,Mixed Buyer
166,97.86,Moderate Basket Buyer,3.71,Mixed Buyer
167,92.0,Moderate Basket Buyer,3.7,Mixed Buyer
168,70.71,Low Basket Buyer,2.86,Mixed Buyer
169,98.64,Moderate Basket Buyer,3.82,Mixed Buyer
170,97.14,Moderate Basket Buyer,3.79,Mixed Buyer
171,91.25,Moderate Basket Buyer,4.0,Mixed Buyer
172,80.56,Low Basket Buyer,3.11,Mixed Buyer
173,81.11,Moderate Basket Buyer,3.56,Mixed Buyer
174,87.5,Moderate Basket Buyer,3.83,Mixed Buyer
175,88.57,Moderate Basket Buyer,3.43,Mixed Buyer
176,80.83,Moderate Basket Buyer,3.33,Mixed Buyer
177,81.25,Moderate Basket Buyer,3.25,Mixed Buyer
178,93.5,Moderate Basket Buyer,3.7,Mixed Buyer
179,90.62,Moderate Basket Buyer,3.62,Mixed Buyer
180,74.0,Low Basket Buyer,3.0,Mixed Buyer
181,98.0,Moderate Basket Buyer,3.6,Mixed Buyer
182,92.14,Moderate Basket Buyer,3.43,Mixed Buyer
183,112.0,High Basket Buyer,4.1,Mixed Buyer
184,97.27,Moderate Basket Buyer,3.91,Mixed Buyer
185,83.57,Moderate Basket Buyer,3.5,Mixed Buyer
186,102.33,High Basket Buyer,3.8,Mixed Buyer
187,106.88,High Basket Buyer,4.12,Mixed Buyer
188,76.67,Low Basket Buyer,3.56,Mixed Buyer
189,75.0,Low Basket Buyer,3.2,Mixed Buyer
190,81.67,Moderate Basket Buyer,3.22,Mixed Buyer
191,85.62,Moderate Basket Buyer,3.75,Mixed Buyer
192,88.75,Moderate Basket Buyer,3.88,Mixed Buyer
193,94.44,Moderate Basket Buyer,3.78,Mixed Buyer
194,95.0,Moderate Basket Buyer,4.13,Mixed Buyer
195,68.0,Low Basket Buyer,2.6,Mixed Buyer
196,86.67,Moderate Basket Buyer,3.67,Mixed Buyer
197,68.0,Low Basket Buyer,3.0,Mixed Buyer
198,78.75,Low Basket Buyer,3.38,Mixed Buyer
199,99.0,Moderate Basket Buyer,4.0,Mixed Buyer
200,62.5,Low Basket Buyer,2.5,Mixed Buyer
201,110.5,High Basket Buyer,4.1,Mixed Buyer
202,91.07,Moderate Basket Buyer,3.64,Mixed Buyer
203,92.5,Moderate Basket Buyer,3.17,Mixed Buyer
204,90.67,Moderate Basket Buyer,3.4,Mixed Buyer
205,77.86,Low Basket Buyer,3.14,Mixed Buyer
206,83.08,Moderate Basket Buyer,3.23,Mixed Buyer
207,89.23,Moderate Basket Buyer,3.62,Mixed Buyer
208,48.33,Low Basket Buyer,2.0,Selective Buyer
209,103.08,High Basket Buyer,3.38,Mixed Buyer
210,116.67,High Basket Buyer,3.92,Mixed Buyer
211,80.0,Low Basket Buyer,3.0,Mixed Buyer
212,93.33,Moderate Basket Buyer,3.11,Mixed Buyer
213,92.27,Moderate Basket Buyer,3.45,Mixed Buyer
214,110.0,High Basket Buyer,4.33,Mixed Buyer
215,103.18,High Basket Buyer,3.64,Mixed Buyer
216,105.62,High Basket Buyer,4.0,Mixed Buyer
217,101.25,High Basket Buyer,3.25,Mixed Buyer
218,111.67,High Basket Buyer,4.0,Mixed Buyer
219,102.69,High Basket Buyer,3.69,Mixed Buyer
220,82.92,Moderate Basket Buyer,3.25,Mixed Buyer
221,95.0,Moderate Basket Buyer,3.71,Mixed Buyer
222,105.71,High Basket Buyer,3.57,Mixed Buyer
223,86.33,Moderate Basket Buyer,3.4,Mixed Buyer
224,93.33,Moderate Basket Buyer,3.56,Mixed Buyer
225,108.33,High Basket Buyer,3.67,Mixed Buyer
226,92.86,Moderate Basket Buyer,3.79,Mixed Buyer
227,88.08,Moderate Basket Buyer,3.23,Mixed Buyer
228,82.0,Moderate Basket Buyer,3.0,Mixed Buyer
229,76.36,Low Basket Buyer,3.09,Mixed Buyer
230,83.5,Moderate Basket Buyer,2.8,Mixed Buyer
231,92.5,Moderate Basket Buyer,3.5,Mixed Buyer
232,83.64,Moderate Basket Buyer,3.18,Mixed Buyer
233,75.83,Low Basket Buyer,2.5,Mixed Buyer
234,89.5,Moderate Basket Buyer,3.3,Mixed Buyer
235,52.5,Low Basket Buyer,2.5,Mixed Buyer
236,109.64,High Basket Buyer,3.93,Mixed Buyer
237,95.0,Moderate Basket Buyer,3.89,Mixed Buyer
238,95.91,Moderate Basket Buyer,3.45,Mixed Buyer
239,126.67,High Basket Buyer,4.33,Mixed Buyer
240,75.36,Low Basket Buyer,3.0,Mixed Buyer
241,96.25,Moderate Basket Buyer,3.62,Mixed Buyer
242,80.71,Low Basket Buyer,3.0,Mixed Buyer
243,79.0,Low Basket Buyer,3.3,Mixed Buyer
244,96.76,Moderate Basket Buyer,3.53,Mixed Buyer
245,107.14,High Basket Buyer,3.57,Mixed Buyer
246,102.08,High Basket Buyer,3.58,Mixed Buyer
247,81.0,Moderate Basket Buyer,3.0,Mixed Buyer
248,71.0,Low Basket Buyer,3.0,Mixed Buyer
249,81.67,Moderate Basket Buyer,3.17,Mixed Buyer
250,94.62,Moderate Basket Buyer,3.23,Mixed Buyer
251,105.31,High Basket Buyer,4.06,Mixed Buyer
252,95.67,Moderate Basket Buyer,3.47,Mixed Buyer
253,106.88,High Basket Buyer,4.0,Mixed Buyer
254,109.67,High Basket Buyer,3.87,Mixed Buyer
255,85.83,Moderate Basket Buyer,3.0,Mixed Buyer
256,83.75,Moderate Basket Buyer,3.12,Mixed Buyer
257,84.5,Moderate Basket Buyer,3.1,Mixed Buyer
258,102.86,High Basket Buyer,3.86,Mixed Buyer
259,80.0,Low Basket Buyer,3.2,Mixed Buyer
260,95.36,Moderate Basket Buyer,3.71,Mixed Buyer
261,82.0,Moderate Basket Buyer,3.3,Mixed Buyer
262,101.88,High Basket Buyer,3.75,Mixed Buyer
263,84.44,Moderate Basket Buyer,3.33,Mixed Buyer
264,86.5,Moderate Basket Buyer,3.3,Mixed Buyer
265,86.11,Moderate Basket Buyer,3.33,Mixed Buyer
266,98.5,Moderate Basket Buyer,3.6,Mixed Buyer
267,113.57,High Basket Buyer,4.43,Mixed Buyer
268,82.73,Moderate Basket Buyer,3.0,Mixed Buyer
269,87.5,Moderate Basket Buyer,3.6,Mixed Buyer
270,89.44,Moderate Basket Buyer,3.33,Mixed Buyer
271,90.48,Moderate Basket Buyer,3.67,Mixed Buyer
272,94.55,Moderate Basket Buyer,3.36,Mixed Buyer
273,108.89,High Basket Buyer,4.22,Mixed Buyer
274,78.57,Low Basket Buyer,3.0,Mixed Buyer
275,93.33,Moderate Basket Buyer,3.67,Mixed Buyer
276,80.71,Low Basket Buyer,2.71,Mixed Buyer
277,85.0,Moderate Basket Buyer,3.25,Mixed Buyer
278,94.17,Moderate Basket Buyer,3.83,Mixed Buyer
279,88.33,Moderate Basket Buyer,3.27,Mixed Buyer
280,105.83,High Basket Buyer,4.33,Mixed Buyer
281,123.5,High Basket Buyer,4.1,Mixed Buyer
282,99.0,Moderate Basket Buyer,3.2,Mixed Buyer
283,99.09,Moderate Basket Buyer,3.55,Mixed Buyer
284,96.88,Moderate Basket Buyer,3.62,Mixed Buyer
285,87.81,Moderate Basket Buyer,3.31,Mixed Buyer
286,57.5,Low Basket Buyer,2.5,Mixed Buyer
287,98.33,Moderate Basket Buyer,3.67,Mixed Buyer
288,96.67,Moderate Basket Buyer,3.5,Mixed Buyer
289,91.25,Moderate Basket Buyer,3.33,Mixed Buyer
290,101.5,High Basket Buyer,3.95,Mixed Buyer
291,92.73,Moderate Basket Buyer,3.45,Mixed Buyer
292,87.5,Moderate Basket Buyer,3.5,Mixed Buyer
293,101.36,High Basket Buyer,3.64,Mixed Buyer
294,86.25,Moderate Basket Buyer,3.33,Mixed Buyer
295,82.5,Moderate Basket Buyer,2.83,Mixed Buyer
296,95.5,Moderate Basket Buyer,3.5,Mixed Buyer
297,95.83,Moderate Basket Buyer,3.33,Mixed Buyer
298,83.57,Moderate Basket Buyer,3.14,Mixed Buyer
299,90.5,Moderate Basket Buyer,3.3,Mixed Buyer
300,104.55,High Basket Buyer,3.91,Mixed Buyer
301,81.25,Moderate Basket Buyer,3.12,Mixed Buyer
302,99.38,Moderate Basket Buyer,3.88,Mixed Buyer
303,74.55,Low Basket Buyer,3.18,Mixed Buyer
304,86.54,Moderate Basket Buyer,3.08,Mixed Buyer
305,78.75,Low Basket Buyer,3.08,Mixed Buyer
306,110.0,High Basket Buyer,4.5,Mixed Buyer
307,78.75,Low Basket Buyer,3.25,Mixed Buyer
308,87.5,Moderate Basket Buyer,3.42,Mixed Buyer
309,87.33,Moderate Basket Buyer,3.27,Mixed Buyer
310,85.0,Moderate Basket Buyer,3.33,Mixed Buyer
311,100.45,High Basket Buyer,3.64,Mixed Buyer
312,92.31,Moderate Basket Buyer,3.46,Mixed Buyer
313,97.5,Moderate Basket Buyer,3.5,Mixed Buyer
314,87.22,Moderate Basket Buyer,3.22,Mixed Buyer
315,105.0,High Basket Buyer,3.83,Mixed Buyer
316,67.5,Low Basket Buyer,2.62,Mixed Buyer
317,100.71,High Basket Buyer,3.64,Mixed Buyer
318,88.46,Moderate Basket Buyer,3.15,Mixed Buyer
319,112.78,High Basket Buyer,4.0,Mixed Buyer
320,95.0,Moderate Basket Buyer,3.79,Mixed Buyer
321,90.5,Moderate Basket Buyer,3.6,Mixed Buyer
322,108.89,High Basket Buyer,3.78,Mixed Buyer
323,97.31,Moderate Basket Buyer,3.77,Mixed Buyer
324,103.33,High Basket Buyer,3.83,Mixed Buyer
325,114.55,High Basket Buyer,4.18,Mixed Buyer
326,88.53,Moderate Basket Buyer,3.29,Mixed Buyer
327,90.0,Moderate Basket Buyer,3.86,Mixed Buyer
328,84.64,Moderate Basket Buyer,3.36,Mixed Buyer
329,100.0,Moderate Basket Buyer,3.64,Mixed Buyer
330,80.56,Low Basket Buyer,3.22,Mixed Buyer
331,95.45,Moderate Basket Buyer,3.45,Mixed Buyer
332,91.25,Moderate Basket Buyer,3.8,Mixed Buyer
333,80.71,Low Basket Buyer,3.0,Mixed Buyer
334,101.67,High Basket Buyer,3.67,Mixed Buyer
335,92.0,Moderate Basket Buyer,3.4,Mixed Buyer
336,102.78,High Basket Buyer,3.56,Mixed Buyer
337,105.59,High Basket Buyer,4.0,Mixed Buyer
338,85.33,Moderate Basket Buyer,3.47,Mixed Buyer
339,111.67,High Basket Buyer,3.83,Mixed Buyer
340,92.31,Moderate Basket Buyer,3.69,Mixed Buyer
341,108.75,High Basket Buyer,3.88,Mixed Buyer
342,90.71,Moderate Basket Buyer,3.43,Mixed Buyer
343,85.0,Moderate Basket Buyer,3.0,Mixed Buyer
344,77.5,Low Basket Buyer,3.1,Mixed Buyer
345,114.09,High Basket Buyer,3.91,Mixed Buyer
346,88.89,Moderate Basket Buyer,3.22,Mixed Buyer
347,90.0,Moderate Basket Buyer,3.07,Mixed Buyer
348,88.33,Moderate Basket Buyer,3.47,Mixed Buyer
349,71.88,Low Basket Buyer,2.88,Mixed Buyer
350,96.94,Moderate Basket Buyer,3.56,Mixed Buyer
351,97.73,Moderate Basket Buyer,3.82,Mixed Buyer
352,77.14,Low Basket Buyer,3.0,Mixed Buyer
353,114.44,High Basket Buyer,4.33,Mixed Buyer
354,83.33,Moderate Basket Buyer,3.33,Mixed Buyer
355,98.0,Moderate Basket Buyer,4.0,Mixed Buyer
356,85.45,Moderate Basket Buyer,3.36,Mixed Buyer
357,121.25,High Basket Buyer,4.12,Mixed Buyer
358,100.83,High Basket Buyer,3.92,Mixed Buyer
359,94.58,Moderate Basket Buyer,3.5,Mixed Buyer
360,123.33,High Basket Buyer,4.22,Mixed Buyer
361,119.29,High Basket Buyer,4.29,Mixed Buyer
362,78.33,Low Basket Buyer,3.22,Mixed Buyer
363,82.22,Moderate Basket Buyer,2.89,Mixed Buyer
364,120.0,High Basket Buyer,4.5,Mixed Buyer
365,100.0,Moderate Basket Buyer,3.5,Mixed Buyer
366,93.33,Moderate Basket Buyer,3.5,Mixed Buyer
367,79.5,Low Basket Buyer,3.1,Mixed Buyer
368,76.36,Low Basket Buyer,3.09,Mixed Buyer
369,96.5,Moderate Basket Buyer,4.0,Mixed Buyer
370,89.38,Moderate Basket Buyer,3.62,Mixed Buyer
371,96.15,Moderate Basket Buyer,3.54,Mixed Buyer
372,75.0,Low Basket Buyer,2.85,Mixed Buyer
373,80.56,Low Basket Buyer,3.0,Mixed Buyer
374,81.25,Moderate Basket Buyer,3.12,Mixed Buyer
375,101.25,High Basket Buyer,3.88,Mixed Buyer
376,82.5,Moderate Basket Buyer,3.5,Mixed Buyer
377,98.33,Moderate Basket Buyer,3.83,Mixed Buyer
378,131.0,High Basket Buyer,4.6,Mixed Buyer
379,81.36,Moderate Basket Buyer,3.18,Mixed Buyer
380,101.5,High Basket Buyer,3.9,Mixed Buyer
381,97.73,Moderate Basket Buyer,3.55,Mixed Buyer
382,102.94,High Basket Buyer,4.06,Mixed Buyer
383,107.5,High Basket Buyer,4.17,Mixed Buyer
384,78.33,Low Basket Buyer,2.89,Mixed Buyer
385,90.0,Moderate Basket Buyer,4.0,Mixed Buyer
386,86.82,Moderate Basket Buyer,3.55,Mixed Buyer
387,94.67,Moderate Basket Buyer,3.67,Mixed Buyer
388,109.44,High Basket Buyer,3.78,Mixed Buyer
389,71.11,Low Basket Buyer,3.11,Mixed Buyer
390,97.08,Moderate Basket Buyer,3.75,Mixed Buyer
391,112.78,High Basket Buyer,3.78,Mixed Buyer
392,95.56,Moderate Basket Buyer,3.33,Mixed Buyer
393,100.0,Moderate Basket Buyer,3.6,Mixed Buyer
394,83.18,Moderate Basket Buyer,3.18,Mixed Buyer
395,89.44,Moderate Basket Buyer,3.67,Mixed Buyer
396,89.29,Moderate Basket Buyer,4.0,Mixed Buyer
397,76.0,Low Basket Buyer,3.0,Mixed Buyer
398,97.5,Moderate Basket Buyer,3.29,Mixed Buyer
399,84.58,Moderate Basket Buyer,3.33,Mixed Buyer
400,115.0,High Basket Buyer,4.18,Mixed Buyer
401,98.33,Moderate Basket Buyer,3.67,Mixed Buyer
402,82.31,Moderate Basket Buyer,3.31,Mixed Buyer
403,94.5,Moderate Basket Buyer,4.0,Mixed Buyer
404,95.62,Moderate Basket Buyer,4.0,Mixed Buyer
405,83.12,Moderate Basket Buyer,3.19,Mixed Buyer
406,95.62,Moderate Basket Buyer,3.75,Mixed Buyer
407,85.71,Moderate Basket Buyer,3.14,Mixed Buyer
408,81.5,Moderate Basket Buyer,3.5,Mixed Buyer
409,90.91,Moderate Basket Buyer,3.45,Mixed Buyer
410,103.89,High Basket Buyer,3.89,Mixed Buyer
411,110.0,High Basket Buyer,3.8,Mixed Buyer
412,92.86,Moderate Basket Buyer,3.57,Mixed Buyer
413,90.0,Moderate Basket Buyer,3.5,Mixed Buyer
414,92.31,Moderate Basket Buyer,3.31,Mixed Buyer
415,88.89,Moderate Basket Buyer,3.44,Mixed Buyer
416,85.0,Moderate Basket Buyer,3.62,Mixed Buyer
417,87.78,Moderate Basket Buyer,3.56,Mixed Buyer
418,95.45,Moderate Basket Buyer,3.45,Mixed Buyer
419,75.45,Low Basket Buyer,3.18,Mixed Buyer
420,99.62,Moderate Basket Buyer,3.62,Mixed Buyer
421,87.73,Moderate Basket Buyer,3.64,Mixed Buyer
422,100.5,High Basket Buyer,3.7,Mixed Buyer
423,80.0,Low Basket Buyer,3.29,Mixed Buyer
424,72.81,Low Basket Buyer,2.94,Mixed Buyer
425,95.56,Moderate Basket Buyer,3.56,Mixed Buyer
426,90.0,Moderate Basket Buyer,3.38,Mixed Buyer
427,84.67,Moderate Basket Buyer,3.53,Mixed Buyer
428,83.33,Moderate Basket Buyer,3.11,Mixed Buyer
429,90.0,Moderate Basket Buyer,3.31,Mixed Buyer
430,101.67,High Basket Buyer,3.78,Mixed Buyer
431,109.5,High Basket Buyer,3.8,Mixed Buyer
432,85.0,Moderate Basket Buyer,3.43,Mixed Buyer
433,104.29,High Basket Buyer,3.57,Mixed Buyer
434,76.0,Low Basket Buyer,3.0,Mixed Buyer
435,85.42,Moderate Basket Buyer,3.42,Mixed Buyer
436,89.44,Moderate Basket Buyer,3.56,Mixed Buyer
437,126.5,High Basket Buyer,4.2,Mixed Buyer
438,94.38,Moderate Basket Buyer,3.5,Mixed Buyer
439,85.45,Moderate Basket Buyer,3.45,Mixed Buyer
440,98.57,Moderate Basket Buyer,3.71,Mixed Buyer
441,106.25,High Basket Buyer,3.83,Mixed Buyer
442,102.5,High Basket Buyer,4.17,Mixed Buyer
443,95.0,Moderate Basket Buyer,3.38,Mixed Buyer
444,112.5,High Basket Buyer,4.12,Mixed Buyer
445,92.78,Moderate Basket Buyer,3.56,Mixed Buyer
446,81.88,Moderate Basket Buyer,3.38,Mixed Buyer
447,77.0,Low Basket Buyer,2.8,Mixed Buyer
448,91.88,Moderate Basket Buyer,3.62,Mixed Buyer
449,89.29,Moderate Basket Buyer,3.57,Mixed Buyer
450,87.78,Moderate Basket Buyer,3.44,Mixed Buyer
451,88.33,Moderate Basket Buyer,3.44,Mixed Buyer
452,98.75,Moderate Basket Buyer,3.5,Mixed Buyer
453,84.5,Moderate Basket Buyer,3.3,Mixed Buyer
454,85.91,Moderate Basket Buyer,3.09,Mixed Buyer
455,94.29,Moderate Basket Buyer,3.43,Mixed Buyer
456,108.0,High Basket Buyer,3.5,Mixed Buyer
457,86.25,Moderate Basket Buyer,3.38,Mixed Buyer
458,110.38,High Basket Buyer,3.85,Mixed Buyer
459,98.06,Moderate Basket Buyer,3.5,Mixed Buyer
460,85.33,Moderate Basket Buyer,3.0,Mixed Buyer
461,82.86,Moderate Basket Buyer,3.14,Mixed Buyer
462,75.45,Low Basket Buyer,3.0,Mixed Buyer
463,100.0,Moderate Basket Buyer,3.7,Mixed Buyer
464,72.5,Low Basket Buyer,3.0,Mixed Buyer
465,95.0,Moderate Basket Buyer,3.5,Mixed Buyer
466,71.25,Low Basket Buyer,3.0,Mixed Buyer
467,87.5,Moderate Basket Buyer,3.43,Mixed Buyer
468,118.93,High Basket Buyer,3.86,Mixed Buyer
469,89.21,Moderate Basket Buyer,3.63,Mixed Buyer
470,110.0,High Basket Buyer,4.0,Mixed Buyer
471,115.71,High Basket Buyer,4.14,Mixed Buyer
472,80.5,Low Basket Buyer,3.4,Mixed Buyer
473,101.67,High Basket Buyer,3.67,Mixed Buyer
474,83.57,Moderate Basket Buyer,3.36,Mixed Buyer
475,103.12,High Basket Buyer,4.25,Mixed Buyer
476,92.0,Moderate Basket Buyer,3.6,Mixed Buyer
477,97.92,Moderate Basket Buyer,3.58,Mixed Buyer
478,87.22,Moderate Basket Buyer,3.22,Mixed Buyer
479,71.36,Low Basket Buyer,2.82,Mixed Buyer
480,83.64,Moderate Basket Buyer,3.0,Mixed Buyer
481,110.62,High Basket Buyer,4.0,Mixed Buyer
482,74.29,Low Basket Buyer,3.0,Mixed Buyer
483,91.67,Moderate Basket Buyer,3.22,Mixed Buyer
484,94.44,Moderate Basket Buyer,3.78,Mixed Buyer
485,93.33,Moderate Basket Buyer,3.44,Mixed Buyer
486,92.27,Moderate Basket Buyer,3.36,Mixed Buyer
487,92.73,Moderate Basket Buyer,3.82,Mixed Buyer
488,103.93,High Basket Buyer,3.93,Mixed Buyer
489,105.0,High Basket Buyer,3.64,Mixed Buyer
490,103.75,High Basket Buyer,3.88,Mixed Buyer
491,83.64,Moderate Basket Buyer,3.27,Mixed Buyer
492,119.29,High Basket Buyer,4.29,Mixed Buyer
493,102.25,High Basket Buyer,3.4,Mixed Buyer
494,96.79,Moderate Basket Buyer,3.57,Mixed Buyer
495,90.45,Moderate Basket Buyer,3.64,Mixed Buyer
496,95.5,Moderate Basket Buyer,3.6,Mixed Buyer
497,97.86,Moderate Basket Buyer,4.0,Mixed Buyer
498,98.57,Moderate Basket Buyer,3.86,Mixed Buyer
499,100.0,Moderate Basket Buyer,3.62,Mixed Buyer
500,87.86,Moderate Basket Buyer,3.29,Mixed Buyer
